"# Percent change of land allocation to cereals in selected regions and globally under four model scenarios, compared to the RF",,,
region,year,Scenario,value
Global,2015,RF,0
Global,2015,RF,0
Global,2015,RF,0
Global,2015,RF,0
Global,2015,RF,0
Global,2015,RF,0
Global,2015,SS,0
Global,2015,SS,0
Global,2015,SS,0
Global,2015,SS,0
Global,2015,SS,0
Global,2015,SS,0
Global,2015,CC,0
Global,2015,CC,0
Global,2015,CC,0
Global,2015,CC,0
Global,2015,CC,0
Global,2015,CC,0
Global,2015,SC,0
Global,2015,SC,0
Global,2015,SC,0
Global,2015,SC,0
Global,2015,SC,0
Global,2015,SC,0
Global,2020,RF,0
Global,2020,RF,0
Global,2020,RF,0
Global,2020,RF,0
Global,2020,RF,0
Global,2020,RF,0
Global,2020,SS,0
Global,2020,SS,0
Global,2020,SS,0
Global,2020,SS,0
Global,2020,SS,0
Global,2020,SS,0
Global,2020,CC,0.002265232
Global,2020,CC,0.002265232
Global,2020,CC,0.002265232
Global,2020,CC,0.002265232
Global,2020,CC,0.002265232
Global,2020,CC,0.002265232
Global,2020,SC,0.002265232
Global,2020,SC,0.002265232
Global,2020,SC,0.002265232
Global,2020,SC,0.002265232
Global,2020,SC,0.002265232
Global,2020,SC,0.002265232
Global,2025,RF,0
Global,2025,RF,0
Global,2025,RF,0
Global,2025,RF,0
Global,2025,RF,0
Global,2025,RF,0
Global,2025,SS,-0.030826718
Global,2025,SS,-0.030826718
Global,2025,SS,-0.030826718
Global,2025,SS,-0.030826718
Global,2025,SS,-0.030826718
Global,2025,SS,-0.030826718
Global,2025,CC,0.002166608
Global,2025,CC,0.002166608
Global,2025,CC,0.002166608
Global,2025,CC,0.002166608
Global,2025,CC,0.002166608
Global,2025,CC,0.002166608
Global,2025,SC,-0.028272176
Global,2025,SC,-0.028272176
Global,2025,SC,-0.028272176
Global,2025,SC,-0.028272176
Global,2025,SC,-0.028272176
Global,2025,SC,-0.028272176
Global,2030,RF,0
Global,2030,RF,0
Global,2030,RF,0
Global,2030,RF,0
Global,2030,RF,0
Global,2030,RF,0
Global,2030,SS,-0.031859731
Global,2030,SS,-0.031859731
Global,2030,SS,-0.031859731
Global,2030,SS,-0.031859731
Global,2030,SS,-0.031859731
Global,2030,SS,-0.031859731
Global,2030,CC,0.002955192
Global,2030,CC,0.002955192
Global,2030,CC,0.002955192
Global,2030,CC,0.002955192
Global,2030,CC,0.002955192
Global,2030,CC,0.002955192
Global,2030,SC,-0.02950063
Global,2030,SC,-0.02950063
Global,2030,SC,-0.02950063
Global,2030,SC,-0.02950063
Global,2030,SC,-0.02950063
Global,2030,SC,-0.02950063
Global,2035,RF,0
Global,2035,RF,0
Global,2035,RF,0
Global,2035,RF,0
Global,2035,RF,0
Global,2035,RF,0
Global,2035,SS,-0.033922017
Global,2035,SS,-0.033922017
Global,2035,SS,-0.033922017
Global,2035,SS,-0.033922017
Global,2035,SS,-0.033922017
Global,2035,SS,-0.033922017
Global,2035,CC,0.003636275
Global,2035,CC,0.003636275
Global,2035,CC,0.003636275
Global,2035,CC,0.003636275
Global,2035,CC,0.003636275
Global,2035,CC,0.003636275
Global,2035,SC,-0.031740933
Global,2035,SC,-0.031740933
Global,2035,SC,-0.031740933
Global,2035,SC,-0.031740933
Global,2035,SC,-0.031740933
Global,2035,SC,-0.031740933
Global,2040,RF,0
Global,2040,RF,0
Global,2040,RF,0
Global,2040,RF,0
Global,2040,RF,0
Global,2040,RF,0
Global,2040,SS,-0.036254171
Global,2040,SS,-0.036254171
Global,2040,SS,-0.036254171
Global,2040,SS,-0.036254171
Global,2040,SS,-0.036254171
Global,2040,SS,-0.036254171
Global,2040,CC,0.003626972
Global,2040,CC,0.003626972
Global,2040,CC,0.003626972
Global,2040,CC,0.003626972
Global,2040,CC,0.003626972
Global,2040,CC,0.003626972
Global,2040,SC,-0.034261747
Global,2040,SC,-0.034261747
Global,2040,SC,-0.034261747
Global,2040,SC,-0.034261747
Global,2040,SC,-0.034261747
Global,2040,SC,-0.034261747
Global,2045,RF,0
Global,2045,RF,0
Global,2045,RF,0
Global,2045,RF,0
Global,2045,RF,0
Global,2045,RF,0
Global,2045,SS,-0.038888348
Global,2045,SS,-0.038888348
Global,2045,SS,-0.038888348
Global,2045,SS,-0.038888348
Global,2045,SS,-0.038888348
Global,2045,SS,-0.038888348
Global,2045,CC,0.003329781
Global,2045,CC,0.003329781
Global,2045,CC,0.003329781
Global,2045,CC,0.003329781
Global,2045,CC,0.003329781
Global,2045,CC,0.003329781
Global,2045,SC,-0.037044614
Global,2045,SC,-0.037044614
Global,2045,SC,-0.037044614
Global,2045,SC,-0.037044614
Global,2045,SC,-0.037044614
Global,2045,SC,-0.037044614
Global,2050,RF,0
Global,2050,RF,0
Global,2050,RF,0
Global,2050,RF,0
Global,2050,RF,0
Global,2050,RF,0
Global,2050,SS,-0.041517171
Global,2050,SS,-0.041517171
Global,2050,SS,-0.041517171
Global,2050,SS,-0.041517171
Global,2050,SS,-0.041517171
Global,2050,SS,-0.041517171
Global,2050,CC,0.003537371
Global,2050,CC,0.003537371
Global,2050,CC,0.003537371
Global,2050,CC,0.003537371
Global,2050,CC,0.003537371
Global,2050,CC,0.003537371
Global,2050,SC,-0.039700471
Global,2050,SC,-0.039700471
Global,2050,SC,-0.039700471
Global,2050,SC,-0.039700471
Global,2050,SC,-0.039700471
Global,2050,SC,-0.039700471
Global,2055,RF,0
Global,2055,RF,0
Global,2055,RF,0
Global,2055,RF,0
Global,2055,RF,0
Global,2055,RF,0
Global,2055,SS,-0.044858099
Global,2055,SS,-0.044858099
Global,2055,SS,-0.044858099
Global,2055,SS,-0.044858099
Global,2055,SS,-0.044858099
Global,2055,SS,-0.044858099
Global,2055,CC,0.00302412
Global,2055,CC,0.00302412
Global,2055,CC,0.00302412
Global,2055,CC,0.00302412
Global,2055,CC,0.00302412
Global,2055,CC,0.00302412
Global,2055,SC,-0.043978538
Global,2055,SC,-0.043978538
Global,2055,SC,-0.043978538
Global,2055,SC,-0.043978538
Global,2055,SC,-0.043978538
Global,2055,SC,-0.043978538
Global,2060,RF,0
Global,2060,RF,0
Global,2060,RF,0
Global,2060,RF,0
Global,2060,RF,0
Global,2060,RF,0
Global,2060,SS,-0.047614695
Global,2060,SS,-0.047614695
Global,2060,SS,-0.047614695
Global,2060,SS,-0.047614695
Global,2060,SS,-0.047614695
Global,2060,SS,-0.047614695
Global,2060,CC,0.002626071
Global,2060,CC,0.002626071
Global,2060,CC,0.002626071
Global,2060,CC,0.002626071
Global,2060,CC,0.002626071
Global,2060,CC,0.002626071
Global,2060,SC,-0.048702846
Global,2060,SC,-0.048702846
Global,2060,SC,-0.048702846
Global,2060,SC,-0.048702846
Global,2060,SC,-0.048702846
Global,2060,SC,-0.048702846
Global,2065,RF,0
Global,2065,RF,0
Global,2065,RF,0
Global,2065,RF,0
Global,2065,RF,0
Global,2065,RF,0
Global,2065,SS,-0.049989869
Global,2065,SS,-0.049989869
Global,2065,SS,-0.049989869
Global,2065,SS,-0.049989869
Global,2065,SS,-0.049989869
Global,2065,SS,-0.049989869
Global,2065,CC,0.003084504
Global,2065,CC,0.003084504
Global,2065,CC,0.003084504
Global,2065,CC,0.003084504
Global,2065,CC,0.003084504
Global,2065,CC,0.003084504
Global,2065,SC,-0.051485537
Global,2065,SC,-0.051485537
Global,2065,SC,-0.051485537
Global,2065,SC,-0.051485537
Global,2065,SC,-0.051485537
Global,2065,SC,-0.051485537
Global,2070,RF,0
Global,2070,RF,0
Global,2070,RF,0
Global,2070,RF,0
Global,2070,RF,0
Global,2070,RF,0
Global,2070,SS,-0.052139212
Global,2070,SS,-0.052139212
Global,2070,SS,-0.052139212
Global,2070,SS,-0.052139212
Global,2070,SS,-0.052139212
Global,2070,SS,-0.052139212
Global,2070,CC,0.003519728
Global,2070,CC,0.003519728
Global,2070,CC,0.003519728
Global,2070,CC,0.003519728
Global,2070,CC,0.003519728
Global,2070,CC,0.003519728
Global,2070,SC,-0.051981818
Global,2070,SC,-0.051981818
Global,2070,SC,-0.051981818
Global,2070,SC,-0.051981818
Global,2070,SC,-0.051981818
Global,2070,SC,-0.051981818
Global,2075,RF,0
Global,2075,RF,0
Global,2075,RF,0
Global,2075,RF,0
Global,2075,RF,0
Global,2075,RF,0
Global,2075,SS,-0.054605378
Global,2075,SS,-0.054605378
Global,2075,SS,-0.054605378
Global,2075,SS,-0.054605378
Global,2075,SS,-0.054605378
Global,2075,SS,-0.054605378
Global,2075,CC,0.004595084
Global,2075,CC,0.004595084
Global,2075,CC,0.004595084
Global,2075,CC,0.004595084
Global,2075,CC,0.004595084
Global,2075,CC,0.004595084
Global,2075,SC,-0.054280836
Global,2075,SC,-0.054280836
Global,2075,SC,-0.054280836
Global,2075,SC,-0.054280836
Global,2075,SC,-0.054280836
Global,2075,SC,-0.054280836
Global,2080,RF,0
Global,2080,RF,0
Global,2080,RF,0
Global,2080,RF,0
Global,2080,RF,0
Global,2080,RF,0
Global,2080,SS,-0.057014157
Global,2080,SS,-0.057014157
Global,2080,SS,-0.057014157
Global,2080,SS,-0.057014157
Global,2080,SS,-0.057014157
Global,2080,SS,-0.057014157
Global,2080,CC,0.004171311
Global,2080,CC,0.004171311
Global,2080,CC,0.004171311
Global,2080,CC,0.004171311
Global,2080,CC,0.004171311
Global,2080,CC,0.004171311
Global,2080,SC,-0.057317511
Global,2080,SC,-0.057317511
Global,2080,SC,-0.057317511
Global,2080,SC,-0.057317511
Global,2080,SC,-0.057317511
Global,2080,SC,-0.057317511
Global,2085,RF,0
Global,2085,RF,0
Global,2085,RF,0
Global,2085,RF,0
Global,2085,RF,0
Global,2085,RF,0
Global,2085,SS,-0.059103984
Global,2085,SS,-0.059103984
Global,2085,SS,-0.059103984
Global,2085,SS,-0.059103984
Global,2085,SS,-0.059103984
Global,2085,SS,-0.059103984
Global,2085,CC,0.005185144
Global,2085,CC,0.005185144
Global,2085,CC,0.005185144
Global,2085,CC,0.005185144
Global,2085,CC,0.005185144
Global,2085,CC,0.005185144
Global,2085,SC,-0.058030457
Global,2085,SC,-0.058030457
Global,2085,SC,-0.058030457
Global,2085,SC,-0.058030457
Global,2085,SC,-0.058030457
Global,2085,SC,-0.058030457
Global,2090,RF,0
Global,2090,RF,0
Global,2090,RF,0
Global,2090,RF,0
Global,2090,RF,0
Global,2090,RF,0
Global,2090,SS,-0.060864833
Global,2090,SS,-0.060864833
Global,2090,SS,-0.060864833
Global,2090,SS,-0.060864833
Global,2090,SS,-0.060864833
Global,2090,SS,-0.060864833
Global,2090,CC,0.004724383
Global,2090,CC,0.004724383
Global,2090,CC,0.004724383
Global,2090,CC,0.004724383
Global,2090,CC,0.004724383
Global,2090,CC,0.004724383
Global,2090,SC,-0.060918838
Global,2090,SC,-0.060918838
Global,2090,SC,-0.060918838
Global,2090,SC,-0.060918838
Global,2090,SC,-0.060918838
Global,2090,SC,-0.060918838
Global,2095,RF,0
Global,2095,RF,0
Global,2095,RF,0
Global,2095,RF,0
Global,2095,RF,0
Global,2095,RF,0
Global,2095,SS,-0.06240297
Global,2095,SS,-0.06240297
Global,2095,SS,-0.06240297
Global,2095,SS,-0.06240297
Global,2095,SS,-0.06240297
Global,2095,SS,-0.06240297
Global,2095,CC,0.004633805
Global,2095,CC,0.004633805
Global,2095,CC,0.004633805
Global,2095,CC,0.004633805
Global,2095,CC,0.004633805
Global,2095,CC,0.004633805
Global,2095,SC,-0.062129148
Global,2095,SC,-0.062129148
Global,2095,SC,-0.062129148
Global,2095,SC,-0.062129148
Global,2095,SC,-0.062129148
Global,2095,SC,-0.062129148
Global,2100,RF,0
Global,2100,RF,0
Global,2100,RF,0
Global,2100,RF,0
Global,2100,RF,0
Global,2100,RF,0
Global,2100,SS,-0.064144695
Global,2100,SS,-0.064144695
Global,2100,SS,-0.064144695
Global,2100,SS,-0.064144695
Global,2100,SS,-0.064144695
Global,2100,SS,-0.064144695
Global,2100,CC,0.004453913
Global,2100,CC,0.004453913
Global,2100,CC,0.004453913
Global,2100,CC,0.004453913
Global,2100,CC,0.004453913
Global,2100,CC,0.004453913
Global,2100,SC,-0.064714131
Global,2100,SC,-0.064714131
Global,2100,SC,-0.064714131
Global,2100,SC,-0.064714131
Global,2100,SC,-0.064714131
Global,2100,SC,-0.064714131
Africa_Western,2015,RF,0
Africa_Western,2015,RF,0
Africa_Western,2015,RF,0
Africa_Western,2015,RF,0
Africa_Western,2015,RF,0
Africa_Western,2015,RF,0
Brazil,2015,RF,0
Brazil,2015,RF,0
Brazil,2015,RF,0
Brazil,2015,RF,0
Brazil,2015,RF,0
Brazil,2015,RF,0
Middle East,2015,RF,0
Middle East,2015,RF,0
Middle East,2015,RF,0
Middle East,2015,RF,0
Middle East,2015,RF,0
Middle East,2015,RF,0
USA,2015,RF,0
USA,2015,RF,0
USA,2015,RF,0
USA,2015,RF,0
USA,2015,RF,0
USA,2015,RF,0
Africa_Western,2020,RF,0
Africa_Western,2020,RF,0
Africa_Western,2020,RF,0
Africa_Western,2020,RF,0
Africa_Western,2020,RF,0
Africa_Western,2020,RF,0
Brazil,2020,RF,0
Brazil,2020,RF,0
Brazil,2020,RF,0
Brazil,2020,RF,0
Brazil,2020,RF,0
Brazil,2020,RF,0
Middle East,2020,RF,0
Middle East,2020,RF,0
Middle East,2020,RF,0
Middle East,2020,RF,0
Middle East,2020,RF,0
Middle East,2020,RF,0
USA,2020,RF,0
USA,2020,RF,0
USA,2020,RF,0
USA,2020,RF,0
USA,2020,RF,0
USA,2020,RF,0
Africa_Western,2025,RF,0
Africa_Western,2025,RF,0
Africa_Western,2025,RF,0
Africa_Western,2025,RF,0
Africa_Western,2025,RF,0
Africa_Western,2025,RF,0
Brazil,2025,RF,0
Brazil,2025,RF,0
Brazil,2025,RF,0
Brazil,2025,RF,0
Brazil,2025,RF,0
Brazil,2025,RF,0
Middle East,2025,RF,0
Middle East,2025,RF,0
Middle East,2025,RF,0
Middle East,2025,RF,0
Middle East,2025,RF,0
Middle East,2025,RF,0
USA,2025,RF,0
USA,2025,RF,0
USA,2025,RF,0
USA,2025,RF,0
USA,2025,RF,0
USA,2025,RF,0
Africa_Western,2030,RF,0
Africa_Western,2030,RF,0
Africa_Western,2030,RF,0
Africa_Western,2030,RF,0
Africa_Western,2030,RF,0
Africa_Western,2030,RF,0
Brazil,2030,RF,0
Brazil,2030,RF,0
Brazil,2030,RF,0
Brazil,2030,RF,0
Brazil,2030,RF,0
Brazil,2030,RF,0
Middle East,2030,RF,0
Middle East,2030,RF,0
Middle East,2030,RF,0
Middle East,2030,RF,0
Middle East,2030,RF,0
Middle East,2030,RF,0
USA,2030,RF,0
USA,2030,RF,0
USA,2030,RF,0
USA,2030,RF,0
USA,2030,RF,0
USA,2030,RF,0
Africa_Western,2035,RF,0
Africa_Western,2035,RF,0
Africa_Western,2035,RF,0
Africa_Western,2035,RF,0
Africa_Western,2035,RF,0
Africa_Western,2035,RF,0
Brazil,2035,RF,0
Brazil,2035,RF,0
Brazil,2035,RF,0
Brazil,2035,RF,0
Brazil,2035,RF,0
Brazil,2035,RF,0
Middle East,2035,RF,0
Middle East,2035,RF,0
Middle East,2035,RF,0
Middle East,2035,RF,0
Middle East,2035,RF,0
Middle East,2035,RF,0
USA,2035,RF,0
USA,2035,RF,0
USA,2035,RF,0
USA,2035,RF,0
USA,2035,RF,0
USA,2035,RF,0
Africa_Western,2040,RF,0
Africa_Western,2040,RF,0
Africa_Western,2040,RF,0
Africa_Western,2040,RF,0
Africa_Western,2040,RF,0
Africa_Western,2040,RF,0
Brazil,2040,RF,0
Brazil,2040,RF,0
Brazil,2040,RF,0
Brazil,2040,RF,0
Brazil,2040,RF,0
Brazil,2040,RF,0
Middle East,2040,RF,0
Middle East,2040,RF,0
Middle East,2040,RF,0
Middle East,2040,RF,0
Middle East,2040,RF,0
Middle East,2040,RF,0
USA,2040,RF,0
USA,2040,RF,0
USA,2040,RF,0
USA,2040,RF,0
USA,2040,RF,0
USA,2040,RF,0
Africa_Western,2045,RF,0
Africa_Western,2045,RF,0
Africa_Western,2045,RF,0
Africa_Western,2045,RF,0
Africa_Western,2045,RF,0
Africa_Western,2045,RF,0
Brazil,2045,RF,0
Brazil,2045,RF,0
Brazil,2045,RF,0
Brazil,2045,RF,0
Brazil,2045,RF,0
Brazil,2045,RF,0
Middle East,2045,RF,0
Middle East,2045,RF,0
Middle East,2045,RF,0
Middle East,2045,RF,0
Middle East,2045,RF,0
Middle East,2045,RF,0
USA,2045,RF,0
USA,2045,RF,0
USA,2045,RF,0
USA,2045,RF,0
USA,2045,RF,0
USA,2045,RF,0
Africa_Western,2050,RF,0
Africa_Western,2050,RF,0
Africa_Western,2050,RF,0
Africa_Western,2050,RF,0
Africa_Western,2050,RF,0
Africa_Western,2050,RF,0
Brazil,2050,RF,0
Brazil,2050,RF,0
Brazil,2050,RF,0
Brazil,2050,RF,0
Brazil,2050,RF,0
Brazil,2050,RF,0
Middle East,2050,RF,0
Middle East,2050,RF,0
Middle East,2050,RF,0
Middle East,2050,RF,0
Middle East,2050,RF,0
Middle East,2050,RF,0
USA,2050,RF,0
USA,2050,RF,0
USA,2050,RF,0
USA,2050,RF,0
USA,2050,RF,0
USA,2050,RF,0
Africa_Western,2055,RF,0
Africa_Western,2055,RF,0
Africa_Western,2055,RF,0
Africa_Western,2055,RF,0
Africa_Western,2055,RF,0
Africa_Western,2055,RF,0
Brazil,2055,RF,0
Brazil,2055,RF,0
Brazil,2055,RF,0
Brazil,2055,RF,0
Brazil,2055,RF,0
Brazil,2055,RF,0
Middle East,2055,RF,0
Middle East,2055,RF,0
Middle East,2055,RF,0
Middle East,2055,RF,0
Middle East,2055,RF,0
Middle East,2055,RF,0
USA,2055,RF,0
USA,2055,RF,0
USA,2055,RF,0
USA,2055,RF,0
USA,2055,RF,0
USA,2055,RF,0
Africa_Western,2060,RF,0
Africa_Western,2060,RF,0
Africa_Western,2060,RF,0
Africa_Western,2060,RF,0
Africa_Western,2060,RF,0
Africa_Western,2060,RF,0
Brazil,2060,RF,0
Brazil,2060,RF,0
Brazil,2060,RF,0
Brazil,2060,RF,0
Brazil,2060,RF,0
Brazil,2060,RF,0
Middle East,2060,RF,0
Middle East,2060,RF,0
Middle East,2060,RF,0
Middle East,2060,RF,0
Middle East,2060,RF,0
Middle East,2060,RF,0
USA,2060,RF,0
USA,2060,RF,0
USA,2060,RF,0
USA,2060,RF,0
USA,2060,RF,0
USA,2060,RF,0
Africa_Western,2065,RF,0
Africa_Western,2065,RF,0
Africa_Western,2065,RF,0
Africa_Western,2065,RF,0
Africa_Western,2065,RF,0
Africa_Western,2065,RF,0
Brazil,2065,RF,0
Brazil,2065,RF,0
Brazil,2065,RF,0
Brazil,2065,RF,0
Brazil,2065,RF,0
Brazil,2065,RF,0
Middle East,2065,RF,0
Middle East,2065,RF,0
Middle East,2065,RF,0
Middle East,2065,RF,0
Middle East,2065,RF,0
Middle East,2065,RF,0
USA,2065,RF,0
USA,2065,RF,0
USA,2065,RF,0
USA,2065,RF,0
USA,2065,RF,0
USA,2065,RF,0
Africa_Western,2070,RF,0
Africa_Western,2070,RF,0
Africa_Western,2070,RF,0
Africa_Western,2070,RF,0
Africa_Western,2070,RF,0
Africa_Western,2070,RF,0
Brazil,2070,RF,0
Brazil,2070,RF,0
Brazil,2070,RF,0
Brazil,2070,RF,0
Brazil,2070,RF,0
Brazil,2070,RF,0
Middle East,2070,RF,0
Middle East,2070,RF,0
Middle East,2070,RF,0
Middle East,2070,RF,0
Middle East,2070,RF,0
Middle East,2070,RF,0
USA,2070,RF,0
USA,2070,RF,0
USA,2070,RF,0
USA,2070,RF,0
USA,2070,RF,0
USA,2070,RF,0
Africa_Western,2075,RF,0
Africa_Western,2075,RF,0
Africa_Western,2075,RF,0
Africa_Western,2075,RF,0
Africa_Western,2075,RF,0
Africa_Western,2075,RF,0
Brazil,2075,RF,0
Brazil,2075,RF,0
Brazil,2075,RF,0
Brazil,2075,RF,0
Brazil,2075,RF,0
Brazil,2075,RF,0
Middle East,2075,RF,0
Middle East,2075,RF,0
Middle East,2075,RF,0
Middle East,2075,RF,0
Middle East,2075,RF,0
Middle East,2075,RF,0
USA,2075,RF,0
USA,2075,RF,0
USA,2075,RF,0
USA,2075,RF,0
USA,2075,RF,0
USA,2075,RF,0
Africa_Western,2080,RF,0
Africa_Western,2080,RF,0
Africa_Western,2080,RF,0
Africa_Western,2080,RF,0
Africa_Western,2080,RF,0
Africa_Western,2080,RF,0
Brazil,2080,RF,0
Brazil,2080,RF,0
Brazil,2080,RF,0
Brazil,2080,RF,0
Brazil,2080,RF,0
Brazil,2080,RF,0
Middle East,2080,RF,0
Middle East,2080,RF,0
Middle East,2080,RF,0
Middle East,2080,RF,0
Middle East,2080,RF,0
Middle East,2080,RF,0
USA,2080,RF,0
USA,2080,RF,0
USA,2080,RF,0
USA,2080,RF,0
USA,2080,RF,0
USA,2080,RF,0
Africa_Western,2085,RF,0
Africa_Western,2085,RF,0
Africa_Western,2085,RF,0
Africa_Western,2085,RF,0
Africa_Western,2085,RF,0
Africa_Western,2085,RF,0
Brazil,2085,RF,0
Brazil,2085,RF,0
Brazil,2085,RF,0
Brazil,2085,RF,0
Brazil,2085,RF,0
Brazil,2085,RF,0
Middle East,2085,RF,0
Middle East,2085,RF,0
Middle East,2085,RF,0
Middle East,2085,RF,0
Middle East,2085,RF,0
Middle East,2085,RF,0
USA,2085,RF,0
USA,2085,RF,0
USA,2085,RF,0
USA,2085,RF,0
USA,2085,RF,0
USA,2085,RF,0
Africa_Western,2090,RF,0
Africa_Western,2090,RF,0
Africa_Western,2090,RF,0
Africa_Western,2090,RF,0
Africa_Western,2090,RF,0
Africa_Western,2090,RF,0
Brazil,2090,RF,0
Brazil,2090,RF,0
Brazil,2090,RF,0
Brazil,2090,RF,0
Brazil,2090,RF,0
Brazil,2090,RF,0
Middle East,2090,RF,0
Middle East,2090,RF,0
Middle East,2090,RF,0
Middle East,2090,RF,0
Middle East,2090,RF,0
Middle East,2090,RF,0
USA,2090,RF,0
USA,2090,RF,0
USA,2090,RF,0
USA,2090,RF,0
USA,2090,RF,0
USA,2090,RF,0
Africa_Western,2095,RF,0
Africa_Western,2095,RF,0
Africa_Western,2095,RF,0
Africa_Western,2095,RF,0
Africa_Western,2095,RF,0
Africa_Western,2095,RF,0
Brazil,2095,RF,0
Brazil,2095,RF,0
Brazil,2095,RF,0
Brazil,2095,RF,0
Brazil,2095,RF,0
Brazil,2095,RF,0
Middle East,2095,RF,0
Middle East,2095,RF,0
Middle East,2095,RF,0
Middle East,2095,RF,0
Middle East,2095,RF,0
Middle East,2095,RF,0
USA,2095,RF,0
USA,2095,RF,0
USA,2095,RF,0
USA,2095,RF,0
USA,2095,RF,0
USA,2095,RF,0
Africa_Western,2100,RF,0
Africa_Western,2100,RF,0
Africa_Western,2100,RF,0
Africa_Western,2100,RF,0
Africa_Western,2100,RF,0
Africa_Western,2100,RF,0
Brazil,2100,RF,0
Brazil,2100,RF,0
Brazil,2100,RF,0
Brazil,2100,RF,0
Brazil,2100,RF,0
Brazil,2100,RF,0
Middle East,2100,RF,0
Middle East,2100,RF,0
Middle East,2100,RF,0
Middle East,2100,RF,0
Middle East,2100,RF,0
Middle East,2100,RF,0
USA,2100,RF,0
USA,2100,RF,0
USA,2100,RF,0
USA,2100,RF,0
USA,2100,RF,0
USA,2100,RF,0
Africa_Western,2015,CC,0
Africa_Western,2015,CC,0
Africa_Western,2015,CC,0
Africa_Western,2015,CC,0
Africa_Western,2015,CC,0
Africa_Western,2015,CC,0
Brazil,2015,CC,0
Brazil,2015,CC,0
Brazil,2015,CC,0
Brazil,2015,CC,0
Brazil,2015,CC,0
Brazil,2015,CC,0
Middle East,2015,CC,0
Middle East,2015,CC,0
Middle East,2015,CC,0
Middle East,2015,CC,0
Middle East,2015,CC,0
Middle East,2015,CC,0
USA,2015,CC,0
USA,2015,CC,0
USA,2015,CC,0
USA,2015,CC,0
USA,2015,CC,0
USA,2015,CC,0
Africa_Western,2020,CC,-0.000375633
Africa_Western,2020,CC,-0.000375633
Africa_Western,2020,CC,-0.000375633
Africa_Western,2020,CC,-0.000375633
Africa_Western,2020,CC,-0.000375633
Africa_Western,2020,CC,-0.000375633
Brazil,2020,CC,0.00103396
Brazil,2020,CC,0.00103396
Brazil,2020,CC,0.00103396
Brazil,2020,CC,0.00103396
Brazil,2020,CC,0.00103396
Brazil,2020,CC,0.00103396
Middle East,2020,CC,0.000265211
Middle East,2020,CC,0.000265211
Middle East,2020,CC,0.000265211
Middle East,2020,CC,0.000265211
Middle East,2020,CC,0.000265211
Middle East,2020,CC,0.000265211
USA,2020,CC,0.006678221
USA,2020,CC,0.006678221
USA,2020,CC,0.006678221
USA,2020,CC,0.006678221
USA,2020,CC,0.006678221
USA,2020,CC,0.006678221
Africa_Western,2025,CC,-0.00138085
Africa_Western,2025,CC,-0.00138085
Africa_Western,2025,CC,-0.00138085
Africa_Western,2025,CC,-0.00138085
Africa_Western,2025,CC,-0.00138085
Africa_Western,2025,CC,-0.00138085
Brazil,2025,CC,-0.000191961
Brazil,2025,CC,-0.000191961
Brazil,2025,CC,-0.000191961
Brazil,2025,CC,-0.000191961
Brazil,2025,CC,-0.000191961
Brazil,2025,CC,-0.000191961
Middle East,2025,CC,-0.000242604
Middle East,2025,CC,-0.000242604
Middle East,2025,CC,-0.000242604
Middle East,2025,CC,-0.000242604
Middle East,2025,CC,-0.000242604
Middle East,2025,CC,-0.000242604
USA,2025,CC,0.006175258
USA,2025,CC,0.006175258
USA,2025,CC,0.006175258
USA,2025,CC,0.006175258
USA,2025,CC,0.006175258
USA,2025,CC,0.006175258
Africa_Western,2030,CC,-0.003259176
Africa_Western,2030,CC,-0.003259176
Africa_Western,2030,CC,-0.003259176
Africa_Western,2030,CC,-0.003259176
Africa_Western,2030,CC,-0.003259176
Africa_Western,2030,CC,-0.003259176
Brazil,2030,CC,0.002264013
Brazil,2030,CC,0.002264013
Brazil,2030,CC,0.002264013
Brazil,2030,CC,0.002264013
Brazil,2030,CC,0.002264013
Brazil,2030,CC,0.002264013
Middle East,2030,CC,0.000881435
Middle East,2030,CC,0.000881435
Middle East,2030,CC,0.000881435
Middle East,2030,CC,0.000881435
Middle East,2030,CC,0.000881435
Middle East,2030,CC,0.000881435
USA,2030,CC,0.01012321
USA,2030,CC,0.01012321
USA,2030,CC,0.01012321
USA,2030,CC,0.01012321
USA,2030,CC,0.01012321
USA,2030,CC,0.01012321
Africa_Western,2035,CC,-0.005199065
Africa_Western,2035,CC,-0.005199065
Africa_Western,2035,CC,-0.005199065
Africa_Western,2035,CC,-0.005199065
Africa_Western,2035,CC,-0.005199065
Africa_Western,2035,CC,-0.005199065
Brazil,2035,CC,0.003131372
Brazil,2035,CC,0.003131372
Brazil,2035,CC,0.003131372
Brazil,2035,CC,0.003131372
Brazil,2035,CC,0.003131372
Brazil,2035,CC,0.003131372
Middle East,2035,CC,4.74E-05
Middle East,2035,CC,4.74E-05
Middle East,2035,CC,4.74E-05
Middle East,2035,CC,4.74E-05
Middle East,2035,CC,4.74E-05
Middle East,2035,CC,4.74E-05
USA,2035,CC,0.014635692
USA,2035,CC,0.014635692
USA,2035,CC,0.014635692
USA,2035,CC,0.014635692
USA,2035,CC,0.014635692
USA,2035,CC,0.014635692
Africa_Western,2040,CC,-0.007034527
Africa_Western,2040,CC,-0.007034527
Africa_Western,2040,CC,-0.007034527
Africa_Western,2040,CC,-0.007034527
Africa_Western,2040,CC,-0.007034527
Africa_Western,2040,CC,-0.007034527
Brazil,2040,CC,0.003661119
Brazil,2040,CC,0.003661119
Brazil,2040,CC,0.003661119
Brazil,2040,CC,0.003661119
Brazil,2040,CC,0.003661119
Brazil,2040,CC,0.003661119
Middle East,2040,CC,-0.000831377
Middle East,2040,CC,-0.000831377
Middle East,2040,CC,-0.000831377
Middle East,2040,CC,-0.000831377
Middle East,2040,CC,-0.000831377
Middle East,2040,CC,-0.000831377
USA,2040,CC,0.013930309
USA,2040,CC,0.013930309
USA,2040,CC,0.013930309
USA,2040,CC,0.013930309
USA,2040,CC,0.013930309
USA,2040,CC,0.013930309
Africa_Western,2045,CC,-0.010240097
Africa_Western,2045,CC,-0.010240097
Africa_Western,2045,CC,-0.010240097
Africa_Western,2045,CC,-0.010240097
Africa_Western,2045,CC,-0.010240097
Africa_Western,2045,CC,-0.010240097
Brazil,2045,CC,0.001837356
Brazil,2045,CC,0.001837356
Brazil,2045,CC,0.001837356
Brazil,2045,CC,0.001837356
Brazil,2045,CC,0.001837356
Brazil,2045,CC,0.001837356
Middle East,2045,CC,-0.000798064
Middle East,2045,CC,-0.000798064
Middle East,2045,CC,-0.000798064
Middle East,2045,CC,-0.000798064
Middle East,2045,CC,-0.000798064
Middle East,2045,CC,-0.000798064
USA,2045,CC,0.010780272
USA,2045,CC,0.010780272
USA,2045,CC,0.010780272
USA,2045,CC,0.010780272
USA,2045,CC,0.010780272
USA,2045,CC,0.010780272
Africa_Western,2050,CC,-0.013632712
Africa_Western,2050,CC,-0.013632712
Africa_Western,2050,CC,-0.013632712
Africa_Western,2050,CC,-0.013632712
Africa_Western,2050,CC,-0.013632712
Africa_Western,2050,CC,-0.013632712
Brazil,2050,CC,0.003794966
Brazil,2050,CC,0.003794966
Brazil,2050,CC,0.003794966
Brazil,2050,CC,0.003794966
Brazil,2050,CC,0.003794966
Brazil,2050,CC,0.003794966
Middle East,2050,CC,-0.001193546
Middle East,2050,CC,-0.001193546
Middle East,2050,CC,-0.001193546
Middle East,2050,CC,-0.001193546
Middle East,2050,CC,-0.001193546
Middle East,2050,CC,-0.001193546
USA,2050,CC,0.011792404
USA,2050,CC,0.011792404
USA,2050,CC,0.011792404
USA,2050,CC,0.011792404
USA,2050,CC,0.011792404
USA,2050,CC,0.011792404
Africa_Western,2055,CC,-0.019901697
Africa_Western,2055,CC,-0.019901697
Africa_Western,2055,CC,-0.019901697
Africa_Western,2055,CC,-0.019901697
Africa_Western,2055,CC,-0.019901697
Africa_Western,2055,CC,-0.019901697
Brazil,2055,CC,0.005372988
Brazil,2055,CC,0.005372988
Brazil,2055,CC,0.005372988
Brazil,2055,CC,0.005372988
Brazil,2055,CC,0.005372988
Brazil,2055,CC,0.005372988
Middle East,2055,CC,-0.000994671
Middle East,2055,CC,-0.000994671
Middle East,2055,CC,-0.000994671
Middle East,2055,CC,-0.000994671
Middle East,2055,CC,-0.000994671
Middle East,2055,CC,-0.000994671
USA,2055,CC,0.010090292
USA,2055,CC,0.010090292
USA,2055,CC,0.010090292
USA,2055,CC,0.010090292
USA,2055,CC,0.010090292
USA,2055,CC,0.010090292
Africa_Western,2060,CC,-0.027259219
Africa_Western,2060,CC,-0.027259219
Africa_Western,2060,CC,-0.027259219
Africa_Western,2060,CC,-0.027259219
Africa_Western,2060,CC,-0.027259219
Africa_Western,2060,CC,-0.027259219
Brazil,2060,CC,0.005660018
Brazil,2060,CC,0.005660018
Brazil,2060,CC,0.005660018
Brazil,2060,CC,0.005660018
Brazil,2060,CC,0.005660018
Brazil,2060,CC,0.005660018
Middle East,2060,CC,-1.47E-05
Middle East,2060,CC,-1.47E-05
Middle East,2060,CC,-1.47E-05
Middle East,2060,CC,-1.47E-05
Middle East,2060,CC,-1.47E-05
Middle East,2060,CC,-1.47E-05
USA,2060,CC,0.011708437
USA,2060,CC,0.011708437
USA,2060,CC,0.011708437
USA,2060,CC,0.011708437
USA,2060,CC,0.011708437
USA,2060,CC,0.011708437
Africa_Western,2065,CC,-0.035538967
Africa_Western,2065,CC,-0.035538967
Africa_Western,2065,CC,-0.035538967
Africa_Western,2065,CC,-0.035538967
Africa_Western,2065,CC,-0.035538967
Africa_Western,2065,CC,-0.035538967
Brazil,2065,CC,0.00478078
Brazil,2065,CC,0.00478078
Brazil,2065,CC,0.00478078
Brazil,2065,CC,0.00478078
Brazil,2065,CC,0.00478078
Brazil,2065,CC,0.00478078
Middle East,2065,CC,0.002032632
Middle East,2065,CC,0.002032632
Middle East,2065,CC,0.002032632
Middle East,2065,CC,0.002032632
Middle East,2065,CC,0.002032632
Middle East,2065,CC,0.002032632
USA,2065,CC,0.014393576
USA,2065,CC,0.014393576
USA,2065,CC,0.014393576
USA,2065,CC,0.014393576
USA,2065,CC,0.014393576
USA,2065,CC,0.014393576
Africa_Western,2070,CC,-0.043318644
Africa_Western,2070,CC,-0.043318644
Africa_Western,2070,CC,-0.043318644
Africa_Western,2070,CC,-0.043318644
Africa_Western,2070,CC,-0.043318644
Africa_Western,2070,CC,-0.043318644
Brazil,2070,CC,0.004578703
Brazil,2070,CC,0.004578703
Brazil,2070,CC,0.004578703
Brazil,2070,CC,0.004578703
Brazil,2070,CC,0.004578703
Brazil,2070,CC,0.004578703
Middle East,2070,CC,0.003536947
Middle East,2070,CC,0.003536947
Middle East,2070,CC,0.003536947
Middle East,2070,CC,0.003536947
Middle East,2070,CC,0.003536947
Middle East,2070,CC,0.003536947
USA,2070,CC,0.0164093
USA,2070,CC,0.0164093
USA,2070,CC,0.0164093
USA,2070,CC,0.0164093
USA,2070,CC,0.0164093
USA,2070,CC,0.0164093
Africa_Western,2075,CC,-0.050854563
Africa_Western,2075,CC,-0.050854563
Africa_Western,2075,CC,-0.050854563
Africa_Western,2075,CC,-0.050854563
Africa_Western,2075,CC,-0.050854563
Africa_Western,2075,CC,-0.050854563
Brazil,2075,CC,0.006326049
Brazil,2075,CC,0.006326049
Brazil,2075,CC,0.006326049
Brazil,2075,CC,0.006326049
Brazil,2075,CC,0.006326049
Brazil,2075,CC,0.006326049
Middle East,2075,CC,0.005315095
Middle East,2075,CC,0.005315095
Middle East,2075,CC,0.005315095
Middle East,2075,CC,0.005315095
Middle East,2075,CC,0.005315095
Middle East,2075,CC,0.005315095
USA,2075,CC,0.022288291
USA,2075,CC,0.022288291
USA,2075,CC,0.022288291
USA,2075,CC,0.022288291
USA,2075,CC,0.022288291
USA,2075,CC,0.022288291
Africa_Western,2080,CC,-0.059037057
Africa_Western,2080,CC,-0.059037057
Africa_Western,2080,CC,-0.059037057
Africa_Western,2080,CC,-0.059037057
Africa_Western,2080,CC,-0.059037057
Africa_Western,2080,CC,-0.059037057
Brazil,2080,CC,0.005448144
Brazil,2080,CC,0.005448144
Brazil,2080,CC,0.005448144
Brazil,2080,CC,0.005448144
Brazil,2080,CC,0.005448144
Brazil,2080,CC,0.005448144
Middle East,2080,CC,0.004972658
Middle East,2080,CC,0.004972658
Middle East,2080,CC,0.004972658
Middle East,2080,CC,0.004972658
Middle East,2080,CC,0.004972658
Middle East,2080,CC,0.004972658
USA,2080,CC,0.023757639
USA,2080,CC,0.023757639
USA,2080,CC,0.023757639
USA,2080,CC,0.023757639
USA,2080,CC,0.023757639
USA,2080,CC,0.023757639
Africa_Western,2085,CC,-0.067070542
Africa_Western,2085,CC,-0.067070542
Africa_Western,2085,CC,-0.067070542
Africa_Western,2085,CC,-0.067070542
Africa_Western,2085,CC,-0.067070542
Africa_Western,2085,CC,-0.067070542
Brazil,2085,CC,0.007163949
Brazil,2085,CC,0.007163949
Brazil,2085,CC,0.007163949
Brazil,2085,CC,0.007163949
Brazil,2085,CC,0.007163949
Brazil,2085,CC,0.007163949
Middle East,2085,CC,0.005035442
Middle East,2085,CC,0.005035442
Middle East,2085,CC,0.005035442
Middle East,2085,CC,0.005035442
Middle East,2085,CC,0.005035442
Middle East,2085,CC,0.005035442
USA,2085,CC,0.029681217
USA,2085,CC,0.029681217
USA,2085,CC,0.029681217
USA,2085,CC,0.029681217
USA,2085,CC,0.029681217
USA,2085,CC,0.029681217
Africa_Western,2090,CC,-0.071007494
Africa_Western,2090,CC,-0.071007494
Africa_Western,2090,CC,-0.071007494
Africa_Western,2090,CC,-0.071007494
Africa_Western,2090,CC,-0.071007494
Africa_Western,2090,CC,-0.071007494
Brazil,2090,CC,0.003332184
Brazil,2090,CC,0.003332184
Brazil,2090,CC,0.003332184
Brazil,2090,CC,0.003332184
Brazil,2090,CC,0.003332184
Brazil,2090,CC,0.003332184
Middle East,2090,CC,0.008094324
Middle East,2090,CC,0.008094324
Middle East,2090,CC,0.008094324
Middle East,2090,CC,0.008094324
Middle East,2090,CC,0.008094324
Middle East,2090,CC,0.008094324
USA,2090,CC,0.028167642
USA,2090,CC,0.028167642
USA,2090,CC,0.028167642
USA,2090,CC,0.028167642
USA,2090,CC,0.028167642
USA,2090,CC,0.028167642
Africa_Western,2095,CC,-0.073911934
Africa_Western,2095,CC,-0.073911934
Africa_Western,2095,CC,-0.073911934
Africa_Western,2095,CC,-0.073911934
Africa_Western,2095,CC,-0.073911934
Africa_Western,2095,CC,-0.073911934
Brazil,2095,CC,0.004239406
Brazil,2095,CC,0.004239406
Brazil,2095,CC,0.004239406
Brazil,2095,CC,0.004239406
Brazil,2095,CC,0.004239406
Brazil,2095,CC,0.004239406
Middle East,2095,CC,0.012483552
Middle East,2095,CC,0.012483552
Middle East,2095,CC,0.012483552
Middle East,2095,CC,0.012483552
Middle East,2095,CC,0.012483552
Middle East,2095,CC,0.012483552
USA,2095,CC,0.027279173
USA,2095,CC,0.027279173
USA,2095,CC,0.027279173
USA,2095,CC,0.027279173
USA,2095,CC,0.027279173
USA,2095,CC,0.027279173
Africa_Western,2100,CC,-0.07700103
Africa_Western,2100,CC,-0.07700103
Africa_Western,2100,CC,-0.07700103
Africa_Western,2100,CC,-0.07700103
Africa_Western,2100,CC,-0.07700103
Africa_Western,2100,CC,-0.07700103
Brazil,2100,CC,0.003488693
Brazil,2100,CC,0.003488693
Brazil,2100,CC,0.003488693
Brazil,2100,CC,0.003488693
Brazil,2100,CC,0.003488693
Brazil,2100,CC,0.003488693
Middle East,2100,CC,0.015957226
Middle East,2100,CC,0.015957226
Middle East,2100,CC,0.015957226
Middle East,2100,CC,0.015957226
Middle East,2100,CC,0.015957226
Middle East,2100,CC,0.015957226
USA,2100,CC,0.027174616
USA,2100,CC,0.027174616
USA,2100,CC,0.027174616
USA,2100,CC,0.027174616
USA,2100,CC,0.027174616
USA,2100,CC,0.027174616
Africa_Western,2015,SS,0
Africa_Western,2015,SS,0
Africa_Western,2015,SS,0
Africa_Western,2015,SS,0
Africa_Western,2015,SS,0
Africa_Western,2015,SS,0
Brazil,2015,SS,0
Brazil,2015,SS,0
Brazil,2015,SS,0
Brazil,2015,SS,0
Brazil,2015,SS,0
Brazil,2015,SS,0
Middle East,2015,SS,0
Middle East,2015,SS,0
Middle East,2015,SS,0
Middle East,2015,SS,0
Middle East,2015,SS,0
Middle East,2015,SS,0
USA,2015,SS,0
USA,2015,SS,0
USA,2015,SS,0
USA,2015,SS,0
USA,2015,SS,0
USA,2015,SS,0
Africa_Western,2020,SS,0
Africa_Western,2020,SS,0
Africa_Western,2020,SS,0
Africa_Western,2020,SS,0
Africa_Western,2020,SS,0
Africa_Western,2020,SS,0
Brazil,2020,SS,0
Brazil,2020,SS,0
Brazil,2020,SS,0
Brazil,2020,SS,0
Brazil,2020,SS,0
Brazil,2020,SS,0
Middle East,2020,SS,0
Middle East,2020,SS,0
Middle East,2020,SS,0
Middle East,2020,SS,0
Middle East,2020,SS,0
Middle East,2020,SS,0
USA,2020,SS,0
USA,2020,SS,0
USA,2020,SS,0
USA,2020,SS,0
USA,2020,SS,0
USA,2020,SS,0
Africa_Western,2025,SS,0.097303417
Africa_Western,2025,SS,0.097303417
Africa_Western,2025,SS,0.097303417
Africa_Western,2025,SS,0.097303417
Africa_Western,2025,SS,0.097303417
Africa_Western,2025,SS,0.097303417
Brazil,2025,SS,-0.106133802
Brazil,2025,SS,-0.106133802
Brazil,2025,SS,-0.106133802
Brazil,2025,SS,-0.106133802
Brazil,2025,SS,-0.106133802
Brazil,2025,SS,-0.106133802
Middle East,2025,SS,0.38317325
Middle East,2025,SS,0.38317325
Middle East,2025,SS,0.38317325
Middle East,2025,SS,0.38317325
Middle East,2025,SS,0.38317325
Middle East,2025,SS,0.38317325
USA,2025,SS,-0.13799896
USA,2025,SS,-0.13799896
USA,2025,SS,-0.13799896
USA,2025,SS,-0.13799896
USA,2025,SS,-0.13799896
USA,2025,SS,-0.13799896
Africa_Western,2030,SS,0.100558593
Africa_Western,2030,SS,0.100558593
Africa_Western,2030,SS,0.100558593
Africa_Western,2030,SS,0.100558593
Africa_Western,2030,SS,0.100558593
Africa_Western,2030,SS,0.100558593
Brazil,2030,SS,-0.115154187
Brazil,2030,SS,-0.115154187
Brazil,2030,SS,-0.115154187
Brazil,2030,SS,-0.115154187
Brazil,2030,SS,-0.115154187
Brazil,2030,SS,-0.115154187
Middle East,2030,SS,0.386181047
Middle East,2030,SS,0.386181047
Middle East,2030,SS,0.386181047
Middle East,2030,SS,0.386181047
Middle East,2030,SS,0.386181047
Middle East,2030,SS,0.386181047
USA,2030,SS,-0.145181009
USA,2030,SS,-0.145181009
USA,2030,SS,-0.145181009
USA,2030,SS,-0.145181009
USA,2030,SS,-0.145181009
USA,2030,SS,-0.145181009
Africa_Western,2035,SS,0.102747161
Africa_Western,2035,SS,0.102747161
Africa_Western,2035,SS,0.102747161
Africa_Western,2035,SS,0.102747161
Africa_Western,2035,SS,0.102747161
Africa_Western,2035,SS,0.102747161
Brazil,2035,SS,-0.133488182
Brazil,2035,SS,-0.133488182
Brazil,2035,SS,-0.133488182
Brazil,2035,SS,-0.133488182
Brazil,2035,SS,-0.133488182
Brazil,2035,SS,-0.133488182
Middle East,2035,SS,0.37462976
Middle East,2035,SS,0.37462976
Middle East,2035,SS,0.37462976
Middle East,2035,SS,0.37462976
Middle East,2035,SS,0.37462976
Middle East,2035,SS,0.37462976
USA,2035,SS,-0.14999742
USA,2035,SS,-0.14999742
USA,2035,SS,-0.14999742
USA,2035,SS,-0.14999742
USA,2035,SS,-0.14999742
USA,2035,SS,-0.14999742
Africa_Western,2040,SS,0.104185966
Africa_Western,2040,SS,0.104185966
Africa_Western,2040,SS,0.104185966
Africa_Western,2040,SS,0.104185966
Africa_Western,2040,SS,0.104185966
Africa_Western,2040,SS,0.104185966
Brazil,2040,SS,-0.156110486
Brazil,2040,SS,-0.156110486
Brazil,2040,SS,-0.156110486
Brazil,2040,SS,-0.156110486
Brazil,2040,SS,-0.156110486
Brazil,2040,SS,-0.156110486
Middle East,2040,SS,0.364878108
Middle East,2040,SS,0.364878108
Middle East,2040,SS,0.364878108
Middle East,2040,SS,0.364878108
Middle East,2040,SS,0.364878108
Middle East,2040,SS,0.364878108
USA,2040,SS,-0.155283376
USA,2040,SS,-0.155283376
USA,2040,SS,-0.155283376
USA,2040,SS,-0.155283376
USA,2040,SS,-0.155283376
USA,2040,SS,-0.155283376
Africa_Western,2045,SS,0.105341748
Africa_Western,2045,SS,0.105341748
Africa_Western,2045,SS,0.105341748
Africa_Western,2045,SS,0.105341748
Africa_Western,2045,SS,0.105341748
Africa_Western,2045,SS,0.105341748
Brazil,2045,SS,-0.181936943
Brazil,2045,SS,-0.181936943
Brazil,2045,SS,-0.181936943
Brazil,2045,SS,-0.181936943
Brazil,2045,SS,-0.181936943
Brazil,2045,SS,-0.181936943
Middle East,2045,SS,0.353652435
Middle East,2045,SS,0.353652435
Middle East,2045,SS,0.353652435
Middle East,2045,SS,0.353652435
Middle East,2045,SS,0.353652435
Middle East,2045,SS,0.353652435
USA,2045,SS,-0.156337015
USA,2045,SS,-0.156337015
USA,2045,SS,-0.156337015
USA,2045,SS,-0.156337015
USA,2045,SS,-0.156337015
USA,2045,SS,-0.156337015
Africa_Western,2050,SS,0.106706541
Africa_Western,2050,SS,0.106706541
Africa_Western,2050,SS,0.106706541
Africa_Western,2050,SS,0.106706541
Africa_Western,2050,SS,0.106706541
Africa_Western,2050,SS,0.106706541
Brazil,2050,SS,-0.202852878
Brazil,2050,SS,-0.202852878
Brazil,2050,SS,-0.202852878
Brazil,2050,SS,-0.202852878
Brazil,2050,SS,-0.202852878
Brazil,2050,SS,-0.202852878
Middle East,2050,SS,0.344639889
Middle East,2050,SS,0.344639889
Middle East,2050,SS,0.344639889
Middle East,2050,SS,0.344639889
Middle East,2050,SS,0.344639889
Middle East,2050,SS,0.344639889
USA,2050,SS,-0.15424491
USA,2050,SS,-0.15424491
USA,2050,SS,-0.15424491
USA,2050,SS,-0.15424491
USA,2050,SS,-0.15424491
USA,2050,SS,-0.15424491
Africa_Western,2055,SS,0.109365064
Africa_Western,2055,SS,0.109365064
Africa_Western,2055,SS,0.109365064
Africa_Western,2055,SS,0.109365064
Africa_Western,2055,SS,0.109365064
Africa_Western,2055,SS,0.109365064
Brazil,2055,SS,-0.21856902
Brazil,2055,SS,-0.21856902
Brazil,2055,SS,-0.21856902
Brazil,2055,SS,-0.21856902
Brazil,2055,SS,-0.21856902
Brazil,2055,SS,-0.21856902
Middle East,2055,SS,0.342260104
Middle East,2055,SS,0.342260104
Middle East,2055,SS,0.342260104
Middle East,2055,SS,0.342260104
Middle East,2055,SS,0.342260104
Middle East,2055,SS,0.342260104
USA,2055,SS,-0.15386038
USA,2055,SS,-0.15386038
USA,2055,SS,-0.15386038
USA,2055,SS,-0.15386038
USA,2055,SS,-0.15386038
USA,2055,SS,-0.15386038
Africa_Western,2060,SS,0.113404324
Africa_Western,2060,SS,0.113404324
Africa_Western,2060,SS,0.113404324
Africa_Western,2060,SS,0.113404324
Africa_Western,2060,SS,0.113404324
Africa_Western,2060,SS,0.113404324
Brazil,2060,SS,-0.228734271
Brazil,2060,SS,-0.228734271
Brazil,2060,SS,-0.228734271
Brazil,2060,SS,-0.228734271
Brazil,2060,SS,-0.228734271
Brazil,2060,SS,-0.228734271
Middle East,2060,SS,0.345348494
Middle East,2060,SS,0.345348494
Middle East,2060,SS,0.345348494
Middle East,2060,SS,0.345348494
Middle East,2060,SS,0.345348494
Middle East,2060,SS,0.345348494
USA,2060,SS,-0.153968937
USA,2060,SS,-0.153968937
USA,2060,SS,-0.153968937
USA,2060,SS,-0.153968937
USA,2060,SS,-0.153968937
USA,2060,SS,-0.153968937
Africa_Western,2065,SS,0.118616766
Africa_Western,2065,SS,0.118616766
Africa_Western,2065,SS,0.118616766
Africa_Western,2065,SS,0.118616766
Africa_Western,2065,SS,0.118616766
Africa_Western,2065,SS,0.118616766
Brazil,2065,SS,-0.236912575
Brazil,2065,SS,-0.236912575
Brazil,2065,SS,-0.236912575
Brazil,2065,SS,-0.236912575
Brazil,2065,SS,-0.236912575
Brazil,2065,SS,-0.236912575
Middle East,2065,SS,0.349105563
Middle East,2065,SS,0.349105563
Middle East,2065,SS,0.349105563
Middle East,2065,SS,0.349105563
Middle East,2065,SS,0.349105563
Middle East,2065,SS,0.349105563
USA,2065,SS,-0.152258555
USA,2065,SS,-0.152258555
USA,2065,SS,-0.152258555
USA,2065,SS,-0.152258555
USA,2065,SS,-0.152258555
USA,2065,SS,-0.152258555
Africa_Western,2070,SS,0.124215583
Africa_Western,2070,SS,0.124215583
Africa_Western,2070,SS,0.124215583
Africa_Western,2070,SS,0.124215583
Africa_Western,2070,SS,0.124215583
Africa_Western,2070,SS,0.124215583
Brazil,2070,SS,-0.242502361
Brazil,2070,SS,-0.242502361
Brazil,2070,SS,-0.242502361
Brazil,2070,SS,-0.242502361
Brazil,2070,SS,-0.242502361
Brazil,2070,SS,-0.242502361
Middle East,2070,SS,0.35188301
Middle East,2070,SS,0.35188301
Middle East,2070,SS,0.35188301
Middle East,2070,SS,0.35188301
Middle East,2070,SS,0.35188301
Middle East,2070,SS,0.35188301
USA,2070,SS,-0.151299108
USA,2070,SS,-0.151299108
USA,2070,SS,-0.151299108
USA,2070,SS,-0.151299108
USA,2070,SS,-0.151299108
USA,2070,SS,-0.151299108
Africa_Western,2075,SS,0.12952822
Africa_Western,2075,SS,0.12952822
Africa_Western,2075,SS,0.12952822
Africa_Western,2075,SS,0.12952822
Africa_Western,2075,SS,0.12952822
Africa_Western,2075,SS,0.12952822
Brazil,2075,SS,-0.249833455
Brazil,2075,SS,-0.249833455
Brazil,2075,SS,-0.249833455
Brazil,2075,SS,-0.249833455
Brazil,2075,SS,-0.249833455
Brazil,2075,SS,-0.249833455
Middle East,2075,SS,0.347888132
Middle East,2075,SS,0.347888132
Middle East,2075,SS,0.347888132
Middle East,2075,SS,0.347888132
Middle East,2075,SS,0.347888132
Middle East,2075,SS,0.347888132
USA,2075,SS,-0.150199479
USA,2075,SS,-0.150199479
USA,2075,SS,-0.150199479
USA,2075,SS,-0.150199479
USA,2075,SS,-0.150199479
USA,2075,SS,-0.150199479
Africa_Western,2080,SS,0.13555554
Africa_Western,2080,SS,0.13555554
Africa_Western,2080,SS,0.13555554
Africa_Western,2080,SS,0.13555554
Africa_Western,2080,SS,0.13555554
Africa_Western,2080,SS,0.13555554
Brazil,2080,SS,-0.257070317
Brazil,2080,SS,-0.257070317
Brazil,2080,SS,-0.257070317
Brazil,2080,SS,-0.257070317
Brazil,2080,SS,-0.257070317
Brazil,2080,SS,-0.257070317
Middle East,2080,SS,0.337488412
Middle East,2080,SS,0.337488412
Middle East,2080,SS,0.337488412
Middle East,2080,SS,0.337488412
Middle East,2080,SS,0.337488412
Middle East,2080,SS,0.337488412
USA,2080,SS,-0.149746953
USA,2080,SS,-0.149746953
USA,2080,SS,-0.149746953
USA,2080,SS,-0.149746953
USA,2080,SS,-0.149746953
USA,2080,SS,-0.149746953
Africa_Western,2085,SS,0.141591384
Africa_Western,2085,SS,0.141591384
Africa_Western,2085,SS,0.141591384
Africa_Western,2085,SS,0.141591384
Africa_Western,2085,SS,0.141591384
Africa_Western,2085,SS,0.141591384
Brazil,2085,SS,-0.264296185
Brazil,2085,SS,-0.264296185
Brazil,2085,SS,-0.264296185
Brazil,2085,SS,-0.264296185
Brazil,2085,SS,-0.264296185
Brazil,2085,SS,-0.264296185
Middle East,2085,SS,0.33736717
Middle East,2085,SS,0.33736717
Middle East,2085,SS,0.33736717
Middle East,2085,SS,0.33736717
Middle East,2085,SS,0.33736717
Middle East,2085,SS,0.33736717
USA,2085,SS,-0.14887377
USA,2085,SS,-0.14887377
USA,2085,SS,-0.14887377
USA,2085,SS,-0.14887377
USA,2085,SS,-0.14887377
USA,2085,SS,-0.14887377
Africa_Western,2090,SS,0.147178739
Africa_Western,2090,SS,0.147178739
Africa_Western,2090,SS,0.147178739
Africa_Western,2090,SS,0.147178739
Africa_Western,2090,SS,0.147178739
Africa_Western,2090,SS,0.147178739
Brazil,2090,SS,-0.270717121
Brazil,2090,SS,-0.270717121
Brazil,2090,SS,-0.270717121
Brazil,2090,SS,-0.270717121
Brazil,2090,SS,-0.270717121
Brazil,2090,SS,-0.270717121
Middle East,2090,SS,0.347431623
Middle East,2090,SS,0.347431623
Middle East,2090,SS,0.347431623
Middle East,2090,SS,0.347431623
Middle East,2090,SS,0.347431623
Middle East,2090,SS,0.347431623
USA,2090,SS,-0.14771878
USA,2090,SS,-0.14771878
USA,2090,SS,-0.14771878
USA,2090,SS,-0.14771878
USA,2090,SS,-0.14771878
USA,2090,SS,-0.14771878
Africa_Western,2095,SS,0.152652446
Africa_Western,2095,SS,0.152652446
Africa_Western,2095,SS,0.152652446
Africa_Western,2095,SS,0.152652446
Africa_Western,2095,SS,0.152652446
Africa_Western,2095,SS,0.152652446
Brazil,2095,SS,-0.276179093
Brazil,2095,SS,-0.276179093
Brazil,2095,SS,-0.276179093
Brazil,2095,SS,-0.276179093
Brazil,2095,SS,-0.276179093
Brazil,2095,SS,-0.276179093
Middle East,2095,SS,0.364327594
Middle East,2095,SS,0.364327594
Middle East,2095,SS,0.364327594
Middle East,2095,SS,0.364327594
Middle East,2095,SS,0.364327594
Middle East,2095,SS,0.364327594
USA,2095,SS,-0.146472065
USA,2095,SS,-0.146472065
USA,2095,SS,-0.146472065
USA,2095,SS,-0.146472065
USA,2095,SS,-0.146472065
USA,2095,SS,-0.146472065
Africa_Western,2100,SS,0.157988812
Africa_Western,2100,SS,0.157988812
Africa_Western,2100,SS,0.157988812
Africa_Western,2100,SS,0.157988812
Africa_Western,2100,SS,0.157988812
Africa_Western,2100,SS,0.157988812
Brazil,2100,SS,-0.281145795
Brazil,2100,SS,-0.281145795
Brazil,2100,SS,-0.281145795
Brazil,2100,SS,-0.281145795
Brazil,2100,SS,-0.281145795
Brazil,2100,SS,-0.281145795
Middle East,2100,SS,0.375032488
Middle East,2100,SS,0.375032488
Middle East,2100,SS,0.375032488
Middle East,2100,SS,0.375032488
Middle East,2100,SS,0.375032488
Middle East,2100,SS,0.375032488
USA,2100,SS,-0.145246358
USA,2100,SS,-0.145246358
USA,2100,SS,-0.145246358
USA,2100,SS,-0.145246358
USA,2100,SS,-0.145246358
USA,2100,SS,-0.145246358
Africa_Western,2015,SC,0
Africa_Western,2015,SC,0
Africa_Western,2015,SC,0
Africa_Western,2015,SC,0
Africa_Western,2015,SC,0
Africa_Western,2015,SC,0
Brazil,2015,SC,0
Brazil,2015,SC,0
Brazil,2015,SC,0
Brazil,2015,SC,0
Brazil,2015,SC,0
Brazil,2015,SC,0
Middle East,2015,SC,0
Middle East,2015,SC,0
Middle East,2015,SC,0
Middle East,2015,SC,0
Middle East,2015,SC,0
Middle East,2015,SC,0
USA,2015,SC,0
USA,2015,SC,0
USA,2015,SC,0
USA,2015,SC,0
USA,2015,SC,0
USA,2015,SC,0
Africa_Western,2020,SC,-0.000375633
Africa_Western,2020,SC,-0.000375633
Africa_Western,2020,SC,-0.000375633
Africa_Western,2020,SC,-0.000375633
Africa_Western,2020,SC,-0.000375633
Africa_Western,2020,SC,-0.000375633
Brazil,2020,SC,0.00103396
Brazil,2020,SC,0.00103396
Brazil,2020,SC,0.00103396
Brazil,2020,SC,0.00103396
Brazil,2020,SC,0.00103396
Brazil,2020,SC,0.00103396
Middle East,2020,SC,0.000265211
Middle East,2020,SC,0.000265211
Middle East,2020,SC,0.000265211
Middle East,2020,SC,0.000265211
Middle East,2020,SC,0.000265211
Middle East,2020,SC,0.000265211
USA,2020,SC,0.006678221
USA,2020,SC,0.006678221
USA,2020,SC,0.006678221
USA,2020,SC,0.006678221
USA,2020,SC,0.006678221
USA,2020,SC,0.006678221
Africa_Western,2025,SC,0.096131459
Africa_Western,2025,SC,0.096131459
Africa_Western,2025,SC,0.096131459
Africa_Western,2025,SC,0.096131459
Africa_Western,2025,SC,0.096131459
Africa_Western,2025,SC,0.096131459
Brazil,2025,SC,-0.089473864
Brazil,2025,SC,-0.089473864
Brazil,2025,SC,-0.089473864
Brazil,2025,SC,-0.089473864
Brazil,2025,SC,-0.089473864
Brazil,2025,SC,-0.089473864
Middle East,2025,SC,0.388220908
Middle East,2025,SC,0.388220908
Middle East,2025,SC,0.388220908
Middle East,2025,SC,0.388220908
Middle East,2025,SC,0.388220908
Middle East,2025,SC,0.388220908
USA,2025,SC,-0.132293679
USA,2025,SC,-0.132293679
USA,2025,SC,-0.132293679
USA,2025,SC,-0.132293679
USA,2025,SC,-0.132293679
USA,2025,SC,-0.132293679
Africa_Western,2030,SC,0.097529309
Africa_Western,2030,SC,0.097529309
Africa_Western,2030,SC,0.097529309
Africa_Western,2030,SC,0.097529309
Africa_Western,2030,SC,0.097529309
Africa_Western,2030,SC,0.097529309
Brazil,2030,SC,-0.107687395
Brazil,2030,SC,-0.107687395
Brazil,2030,SC,-0.107687395
Brazil,2030,SC,-0.107687395
Brazil,2030,SC,-0.107687395
Brazil,2030,SC,-0.107687395
Middle East,2030,SC,0.389728194
Middle East,2030,SC,0.389728194
Middle East,2030,SC,0.389728194
Middle East,2030,SC,0.389728194
Middle East,2030,SC,0.389728194
Middle East,2030,SC,0.389728194
USA,2030,SC,-0.131370337
USA,2030,SC,-0.131370337
USA,2030,SC,-0.131370337
USA,2030,SC,-0.131370337
USA,2030,SC,-0.131370337
USA,2030,SC,-0.131370337
Africa_Western,2035,SC,0.098117125
Africa_Western,2035,SC,0.098117125
Africa_Western,2035,SC,0.098117125
Africa_Western,2035,SC,0.098117125
Africa_Western,2035,SC,0.098117125
Africa_Western,2035,SC,0.098117125
Brazil,2035,SC,-0.136070636
Brazil,2035,SC,-0.136070636
Brazil,2035,SC,-0.136070636
Brazil,2035,SC,-0.136070636
Brazil,2035,SC,-0.136070636
Brazil,2035,SC,-0.136070636
Middle East,2035,SC,0.374424132
Middle East,2035,SC,0.374424132
Middle East,2035,SC,0.374424132
Middle East,2035,SC,0.374424132
Middle East,2035,SC,0.374424132
Middle East,2035,SC,0.374424132
USA,2035,SC,-0.126241447
USA,2035,SC,-0.126241447
USA,2035,SC,-0.126241447
USA,2035,SC,-0.126241447
USA,2035,SC,-0.126241447
USA,2035,SC,-0.126241447
Africa_Western,2040,SC,0.097592369
Africa_Western,2040,SC,0.097592369
Africa_Western,2040,SC,0.097592369
Africa_Western,2040,SC,0.097592369
Africa_Western,2040,SC,0.097592369
Africa_Western,2040,SC,0.097592369
Brazil,2040,SC,-0.156011006
Brazil,2040,SC,-0.156011006
Brazil,2040,SC,-0.156011006
Brazil,2040,SC,-0.156011006
Brazil,2040,SC,-0.156011006
Brazil,2040,SC,-0.156011006
Middle East,2040,SC,0.363695596
Middle East,2040,SC,0.363695596
Middle East,2040,SC,0.363695596
Middle East,2040,SC,0.363695596
Middle East,2040,SC,0.363695596
Middle East,2040,SC,0.363695596
USA,2040,SC,-0.130560245
USA,2040,SC,-0.130560245
USA,2040,SC,-0.130560245
USA,2040,SC,-0.130560245
USA,2040,SC,-0.130560245
USA,2040,SC,-0.130560245
Africa_Western,2045,SC,0.095589397
Africa_Western,2045,SC,0.095589397
Africa_Western,2045,SC,0.095589397
Africa_Western,2045,SC,0.095589397
Africa_Western,2045,SC,0.095589397
Africa_Western,2045,SC,0.095589397
Brazil,2045,SC,-0.178421506
Brazil,2045,SC,-0.178421506
Brazil,2045,SC,-0.178421506
Brazil,2045,SC,-0.178421506
Brazil,2045,SC,-0.178421506
Brazil,2045,SC,-0.178421506
Middle East,2045,SC,0.35372419
Middle East,2045,SC,0.35372419
Middle East,2045,SC,0.35372419
Middle East,2045,SC,0.35372419
Middle East,2045,SC,0.35372419
Middle East,2045,SC,0.35372419
USA,2045,SC,-0.136442389
USA,2045,SC,-0.136442389
USA,2045,SC,-0.136442389
USA,2045,SC,-0.136442389
USA,2045,SC,-0.136442389
USA,2045,SC,-0.136442389
Africa_Western,2050,SC,0.093464753
Africa_Western,2050,SC,0.093464753
Africa_Western,2050,SC,0.093464753
Africa_Western,2050,SC,0.093464753
Africa_Western,2050,SC,0.093464753
Africa_Western,2050,SC,0.093464753
Brazil,2050,SC,-0.198316548
Brazil,2050,SC,-0.198316548
Brazil,2050,SC,-0.198316548
Brazil,2050,SC,-0.198316548
Brazil,2050,SC,-0.198316548
Brazil,2050,SC,-0.198316548
Middle East,2050,SC,0.345147871
Middle East,2050,SC,0.345147871
Middle East,2050,SC,0.345147871
Middle East,2050,SC,0.345147871
Middle East,2050,SC,0.345147871
Middle East,2050,SC,0.345147871
USA,2050,SC,-0.129415998
USA,2050,SC,-0.129415998
USA,2050,SC,-0.129415998
USA,2050,SC,-0.129415998
USA,2050,SC,-0.129415998
USA,2050,SC,-0.129415998
Africa_Western,2055,SC,0.089537842
Africa_Western,2055,SC,0.089537842
Africa_Western,2055,SC,0.089537842
Africa_Western,2055,SC,0.089537842
Africa_Western,2055,SC,0.089537842
Africa_Western,2055,SC,0.089537842
Brazil,2055,SC,-0.212016887
Brazil,2055,SC,-0.212016887
Brazil,2055,SC,-0.212016887
Brazil,2055,SC,-0.212016887
Brazil,2055,SC,-0.212016887
Brazil,2055,SC,-0.212016887
Middle East,2055,SC,0.343736783
Middle East,2055,SC,0.343736783
Middle East,2055,SC,0.343736783
Middle East,2055,SC,0.343736783
Middle East,2055,SC,0.343736783
Middle East,2055,SC,0.343736783
USA,2055,SC,-0.12810712
USA,2055,SC,-0.12810712
USA,2055,SC,-0.12810712
USA,2055,SC,-0.12810712
USA,2055,SC,-0.12810712
USA,2055,SC,-0.12810712
Africa_Western,2060,SC,0.085939813
Africa_Western,2060,SC,0.085939813
Africa_Western,2060,SC,0.085939813
Africa_Western,2060,SC,0.085939813
Africa_Western,2060,SC,0.085939813
Africa_Western,2060,SC,0.085939813
Brazil,2060,SC,-0.224985413
Brazil,2060,SC,-0.224985413
Brazil,2060,SC,-0.224985413
Brazil,2060,SC,-0.224985413
Brazil,2060,SC,-0.224985413
Brazil,2060,SC,-0.224985413
Middle East,2060,SC,0.359159532
Middle East,2060,SC,0.359159532
Middle East,2060,SC,0.359159532
Middle East,2060,SC,0.359159532
Middle East,2060,SC,0.359159532
Middle East,2060,SC,0.359159532
USA,2060,SC,-0.129293301
USA,2060,SC,-0.129293301
USA,2060,SC,-0.129293301
USA,2060,SC,-0.129293301
USA,2060,SC,-0.129293301
USA,2060,SC,-0.129293301
Africa_Western,2065,SC,0.082750981
Africa_Western,2065,SC,0.082750981
Africa_Western,2065,SC,0.082750981
Africa_Western,2065,SC,0.082750981
Africa_Western,2065,SC,0.082750981
Africa_Western,2065,SC,0.082750981
Brazil,2065,SC,-0.230490724
Brazil,2065,SC,-0.230490724
Brazil,2065,SC,-0.230490724
Brazil,2065,SC,-0.230490724
Brazil,2065,SC,-0.230490724
Brazil,2065,SC,-0.230490724
Middle East,2065,SC,0.363827287
Middle East,2065,SC,0.363827287
Middle East,2065,SC,0.363827287
Middle East,2065,SC,0.363827287
Middle East,2065,SC,0.363827287
Middle East,2065,SC,0.363827287
USA,2065,SC,-0.124729147
USA,2065,SC,-0.124729147
USA,2065,SC,-0.124729147
USA,2065,SC,-0.124729147
USA,2065,SC,-0.124729147
USA,2065,SC,-0.124729147
Africa_Western,2070,SC,0.078568055
Africa_Western,2070,SC,0.078568055
Africa_Western,2070,SC,0.078568055
Africa_Western,2070,SC,0.078568055
Africa_Western,2070,SC,0.078568055
Africa_Western,2070,SC,0.078568055
Brazil,2070,SC,-0.221013582
Brazil,2070,SC,-0.221013582
Brazil,2070,SC,-0.221013582
Brazil,2070,SC,-0.221013582
Brazil,2070,SC,-0.221013582
Brazil,2070,SC,-0.221013582
Middle East,2070,SC,0.364078029
Middle East,2070,SC,0.364078029
Middle East,2070,SC,0.364078029
Middle East,2070,SC,0.364078029
Middle East,2070,SC,0.364078029
Middle East,2070,SC,0.364078029
USA,2070,SC,-0.119687791
USA,2070,SC,-0.119687791
USA,2070,SC,-0.119687791
USA,2070,SC,-0.119687791
USA,2070,SC,-0.119687791
USA,2070,SC,-0.119687791
Africa_Western,2075,SC,0.077862165
Africa_Western,2075,SC,0.077862165
Africa_Western,2075,SC,0.077862165
Africa_Western,2075,SC,0.077862165
Africa_Western,2075,SC,0.077862165
Africa_Western,2075,SC,0.077862165
Brazil,2075,SC,-0.232081125
Brazil,2075,SC,-0.232081125
Brazil,2075,SC,-0.232081125
Brazil,2075,SC,-0.232081125
Brazil,2075,SC,-0.232081125
Brazil,2075,SC,-0.232081125
Middle East,2075,SC,0.361319193
Middle East,2075,SC,0.361319193
Middle East,2075,SC,0.361319193
Middle East,2075,SC,0.361319193
Middle East,2075,SC,0.361319193
Middle East,2075,SC,0.361319193
USA,2075,SC,-0.108160571
USA,2075,SC,-0.108160571
USA,2075,SC,-0.108160571
USA,2075,SC,-0.108160571
USA,2075,SC,-0.108160571
USA,2075,SC,-0.108160571
Africa_Western,2080,SC,0.075748406
Africa_Western,2080,SC,0.075748406
Africa_Western,2080,SC,0.075748406
Africa_Western,2080,SC,0.075748406
Africa_Western,2080,SC,0.075748406
Africa_Western,2080,SC,0.075748406
Brazil,2080,SC,-0.234932712
Brazil,2080,SC,-0.234932712
Brazil,2080,SC,-0.234932712
Brazil,2080,SC,-0.234932712
Brazil,2080,SC,-0.234932712
Brazil,2080,SC,-0.234932712
Middle East,2080,SC,0.356749479
Middle East,2080,SC,0.356749479
Middle East,2080,SC,0.356749479
Middle East,2080,SC,0.356749479
Middle East,2080,SC,0.356749479
Middle East,2080,SC,0.356749479
USA,2080,SC,-0.10699549
USA,2080,SC,-0.10699549
USA,2080,SC,-0.10699549
USA,2080,SC,-0.10699549
USA,2080,SC,-0.10699549
USA,2080,SC,-0.10699549
Africa_Western,2085,SC,0.07298241
Africa_Western,2085,SC,0.07298241
Africa_Western,2085,SC,0.07298241
Africa_Western,2085,SC,0.07298241
Africa_Western,2085,SC,0.07298241
Africa_Western,2085,SC,0.07298241
Brazil,2085,SC,-0.230252546
Brazil,2085,SC,-0.230252546
Brazil,2085,SC,-0.230252546
Brazil,2085,SC,-0.230252546
Brazil,2085,SC,-0.230252546
Brazil,2085,SC,-0.230252546
Middle East,2085,SC,0.367700549
Middle East,2085,SC,0.367700549
Middle East,2085,SC,0.367700549
Middle East,2085,SC,0.367700549
Middle East,2085,SC,0.367700549
Middle East,2085,SC,0.367700549
USA,2085,SC,-0.099093951
USA,2085,SC,-0.099093951
USA,2085,SC,-0.099093951
USA,2085,SC,-0.099093951
USA,2085,SC,-0.099093951
USA,2085,SC,-0.099093951
Africa_Western,2090,SC,0.075935784
Africa_Western,2090,SC,0.075935784
Africa_Western,2090,SC,0.075935784
Africa_Western,2090,SC,0.075935784
Africa_Western,2090,SC,0.075935784
Africa_Western,2090,SC,0.075935784
Brazil,2090,SC,-0.24293018
Brazil,2090,SC,-0.24293018
Brazil,2090,SC,-0.24293018
Brazil,2090,SC,-0.24293018
Brazil,2090,SC,-0.24293018
Brazil,2090,SC,-0.24293018
Middle East,2090,SC,0.384536517
Middle East,2090,SC,0.384536517
Middle East,2090,SC,0.384536517
Middle East,2090,SC,0.384536517
Middle East,2090,SC,0.384536517
Middle East,2090,SC,0.384536517
USA,2090,SC,-0.100680707
USA,2090,SC,-0.100680707
USA,2090,SC,-0.100680707
USA,2090,SC,-0.100680707
USA,2090,SC,-0.100680707
USA,2090,SC,-0.100680707
Africa_Western,2095,SC,0.077978013
Africa_Western,2095,SC,0.077978013
Africa_Western,2095,SC,0.077978013
Africa_Western,2095,SC,0.077978013
Africa_Western,2095,SC,0.077978013
Africa_Western,2095,SC,0.077978013
Brazil,2095,SC,-0.23767094
Brazil,2095,SC,-0.23767094
Brazil,2095,SC,-0.23767094
Brazil,2095,SC,-0.23767094
Brazil,2095,SC,-0.23767094
Brazil,2095,SC,-0.23767094
Middle East,2095,SC,0.398814496
Middle East,2095,SC,0.398814496
Middle East,2095,SC,0.398814496
Middle East,2095,SC,0.398814496
Middle East,2095,SC,0.398814496
Middle East,2095,SC,0.398814496
USA,2095,SC,-0.100118156
USA,2095,SC,-0.100118156
USA,2095,SC,-0.100118156
USA,2095,SC,-0.100118156
USA,2095,SC,-0.100118156
USA,2095,SC,-0.100118156
Africa_Western,2100,SC,0.081153666
Africa_Western,2100,SC,0.081153666
Africa_Western,2100,SC,0.081153666
Africa_Western,2100,SC,0.081153666
Africa_Western,2100,SC,0.081153666
Africa_Western,2100,SC,0.081153666
Brazil,2100,SC,-0.247302743
Brazil,2100,SC,-0.247302743
Brazil,2100,SC,-0.247302743
Brazil,2100,SC,-0.247302743
Brazil,2100,SC,-0.247302743
Brazil,2100,SC,-0.247302743
Middle East,2100,SC,0.402769692
Middle East,2100,SC,0.402769692
Middle East,2100,SC,0.402769692
Middle East,2100,SC,0.402769692
Middle East,2100,SC,0.402769692
Middle East,2100,SC,0.402769692
USA,2100,SC,-0.097365328
USA,2100,SC,-0.097365328
USA,2100,SC,-0.097365328
USA,2100,SC,-0.097365328
USA,2100,SC,-0.097365328
USA,2100,SC,-0.097365328
